,sum_sq,df,F,PR(>F),eta_sq
C(reason),129.90644741832773,3.0,2.0799920508343495,0.1023374560972995,0.015708328786394554
Residual,8140.002413341165,391.0,,,
