comparison,mean_no,mean_yes,diff_mean,ci95_welch_lo,ci95_welch_hi,p_welch,cohens_d,ci95_boot_lo,ci95_boot_hi,p_perm,n_no,n_yes
no - yes,9.409090909090908,10.617021276595745,-1.2079303675048365,-2.413445669944746,-0.0024150650649268357,0.04955202216078457,-0.26460874847131177,-2.421575941788708,-0.017957308648798614,0.05179741012949352,66,329
