comparison,mean_F,mean_M,diff_mean,ci95_welch_lo,ci95_welch_hi,p_welch,cohens_d,ci95_boot_lo,ci95_boot_hi,p_perm,n_F,n_M
F - M,9.966346153846153,10.914438502673796,-0.9480923488276431,-1.850732255961065,-0.04545244169422136,0.03957700303089975,-0.2077941060114821,-1.8332219251336905,-0.05952990024681148,0.041247937603119844,208,187
